WKT,OBJECTID,STATION_ID,ASSET_ID,NAME,LONGNAME,LINES,BRANCH_ID,STATUS,MILEPOST,FAREZONE,ADA,ADA2,PKNRD,BIKEPKNG,TICKET_AVA,ADDRESS,MUNICIPALI,TELEPHONE,WEBLINK,LABELANGLE,EDIT_INIT,EDIT_DATE,YEAR_OPEN
"MULTIPOINT (-87.586850373841216 41.766010498485052)",1,1091.00000000,51201091.00000000,Stony Island,Stony Island,Electric,1,1,9.10000000,B,0,N,0,0,,71st St. (at Stony Island Ave.),Chicago,,,30,ks,1995/08/02,
"MULTIPOINT (-87.576996681714249 41.7661151551738)",2,1097.00000000,51201097.00000000,Bryn Mawr,Bryn Mawr,Electric,1,1,9.70000000,B,0,N,0,0,,71st St. (at Jeffrey Blvd.),Chicago,,,30,ks,1995/08/02,
"MULTIPOINT (-87.565714216694062 41.765242834472325)",3,1103.00000000,51201103.00000000,South Shore,South Shore,Electric,1,1,10.30000000,B,0,N,1,0,,71st St. (near Yates and South Shore Dr.),Chicago,,,0,ks,1995/08/02,
"MULTIPOINT (-87.559628872988185 41.758508133004639)",4,1109.00000000,51201109.00000000,Windsor Park,Windsor Park,Electric,1,1,10.90000000,B,0,N,1,0,,75th St. (at Exchange Ave.),Chicago,,,0,ks,1995/08/02,
"MULTIPOINT (-87.552851718999563 41.752320531484997)",5,1115.00000000,51201115.00000000,Cheltenham,Cheltenham (79th Street),Electric,1,1,11.50000000,B,1,N,1,0,,79th St. (at Exchange Ave.),Chicago,,,0,ks,1995/08/02,
"MULTIPOINT (-87.551556119031289 41.745013286269668)",6,1120.00000000,51201120.00000000,83rd St.,83rd Street,Electric,1,1,12.00000000,B,0,N,1,0,,83rd St. (at Exchange Ave.),Chicago,,,0,ks,1995/08/02,
"MULTIPOINT (-87.548167840782995 41.737747994875313)",7,1125.00000000,51201125.00000000,87th St.,87th Street,Electric,1,1,12.50000000,B,0,N,1,0,,87th St. (1 blk. E. of Commercial Ave.),Chicago,,,0,ks,1995/08/02,
"MULTIPOINT (-87.547785290504862 41.727437352595601)",8,1130.00000000,51201130.00000000,91st St.,91st Street (South Chicago),Electric,1,1,13.00000000,B,0,N,1,0,,91st St. (near Baltimore St.),Chicago,,,0,ks,1995/08/02,
"MULTIPOINT (-87.546236316544679 41.64827213933556)",9,3190.00000000,51203190.00000000,Hegewisch,Hegewisch,S. Shore,3,1,19.00000000,3,0,A,1,0,,13730 South Brainard Ave.,Chicago,,,0,ks,1995/08/02,
"MULTIPOINT (-87.62160636964272 41.67443415761781)",10,4156.00000000,51204156.00000000,State St.,State Street,Electric,4,1,15.60000000,D,1,N,0,0,,State St. (S. of 120th Pl.),Chicago,,,135,ks,1995/08/02,
"MULTIPOINT (-87.63161093490038 41.674322921245242)",11,4160.00000000,51204160.00000000,Stewart Ridge,Stewart Ridge,Electric,4,1,16.00000000,D,1,N,0,0,,Stewart Ridge (S. of 120th Pl.),Chicago,,,135,ks,1995/08/02,
"MULTIPOINT (-87.64224673432804 41.674215077762838)",12,4167.00000000,51204167.00000000,West Pullman,West Pullman,Electric,4,1,16.70000000,D,1,N,1,0,,Halsted St.,Chicago,,,135,ks,1995/08/02,
"MULTIPOINT (-87.652156725588114 41.674114190154611)",13,4170.00000000,51204170.00000000,Racine Ave.,Racine Avenue,Electric,4,1,17.00000000,D,1,N,1,0,,Racine Ave. (S. of 120th St.),Chicago,,,135,ks,1995/08/02,
"MULTIPOINT (-87.660623329657398 41.669433524168895)",14,4179.00000000,51204179.00000000,Ashland Ave.,Ashland Avenue,Electric,4,1,17.90000000,D,1,N,1,0,,Ashland Ave. (near 124th St.),Calumet Park,,,0,ks,1995/08/02,
"MULTIPOINT (-87.66878654736017 41.662325624128755)",15,4184.00000000,51204184.00000000,Burr Oak,Burr Oak,Electric,4,1,18.40000000,D,1,N,1,0,,Burr Oak (near Lincoln St.),Blue Island,,,0,ks,1995/08/02,
"MULTIPOINT (-87.676125978272552 41.655696144925649)",16,4189.00000000,51204189.00000000,Blue Island,Blue Island,Electric,4,1,18.90000000,D,0,N,1,0,,Vermont St. (near Irving St.),Blue Island,,,0,ks,1995/08/02,
"MULTIPOINT (-87.62308734428467 41.884365616823466)",17,5000.00000000,51205000.00000000,Millenium Station,Millenium Station,"Electric, S. Shore",5,1,0.00000000,A,0,N,0,0,,Michigan Ave. (between South Water and Randolph St.),Chicago,,,0,aef,2001/03/08,
"MULTIPOINT (-87.622811758151514 41.876998393434747)",18,5008.00000000,51205008.00000000,Van Buren St.,Van Buren Street,"Electric, S. Shore",5,1,0.80000000,A,0,A,0,0,,Michigan Ave. (between Jackson and Van Buren Sts.),Chicago,,,0,ks,1995/09/14,
"MULTIPOINT (-87.621419664575569 41.868392379065419)",19,5014.00000000,51205014.00000000,Museum Campus,Museum Campus/11th St,"Electric, S. Shore",5,1,1.40000000,A,0,N,0,0,,Roosevelt Rd. and Indiana Ave.,Chicago,,,0,aef,2001/03/08,
"MULTIPOINT (-87.618034211828956 41.857731034183914)",20,5022.00000000,51205022.00000000,18th St.,18th Street,Electric,5,1,2.20000000,A,1,N,0,0,,18th St. (near Calumet Ave.),Chicago,,,0,ks,1995/08/02,
"MULTIPOINT (-87.61614217651794 41.850942353823328)",21,5027.00000000,51205027.00000000,McCormick Place,McCormick Place,"Electric, S. Shore",5,1,2.70000000,A,0,A,0,0,,23rd St. (between King Dr. and Lake Shore Dr.),Chicago,,,0,ks,1995/08/02,
"MULTIPOINT (-87.613436468208064 41.844262946007568)",22,5032.00000000,51205032.00000000,27th St.,27th Street,Electric,5,1,3.20000000,A,1,N,0,0,,27th St. (E. of Ellis Ave.),Chicago,,,0,ks,1995/08/02,
"MULTIPOINT (-87.590850380590837 41.809524590893751)",23,5059.00000000,51205059.00000000,47th St.,47th Street (Kenwood),Electric,5,1,5.90000000,B,1,N,0,0,,47th St. (near Lake Park Ave.),Chicago,,,0,ks,1995/08/02,
"MULTIPOINT (-87.586786873874502 41.799917191751724)",24,5065.00000000,51205065.00000000,53rd St.,53rd Street (Hyde Park),Electric,5,1,6.50000000,B,0,N,0,0,,53rd St. (at Lake Park Ave.),Chicago,,,0,ks,1995/08/02,
"MULTIPOINT (-87.587497922869943 41.792842200493453)",25,5070.00000000,51205070.00000000,55th-56th-57th St.,55th-56th-57th Street,Electric,5,1,7.00000000,B,0,N,1,0,,55th to 57th Sts. (at Lake Park Ave.),Chicago,,,0,ks,1995/08/02,
"MULTIPOINT (-87.588765633812798 41.787002632129898)",26,5074.00000000,51205074.00000000,59th St.,59th Street (University of Chicago),"Electric, S. Shore",5,1,7.40000000,B,1,N,1,0,,59th St. and Harper St.,Chicago,,,0,ks,1995/08/02,
"MULTIPOINT (-87.590404039593935 41.779883035959166)",27,5079.00000000,51205079.00000000,63rd St.,63rd Street,"Electric, S. Shore",5,1,7.90000000,B,1,N,0,0,,63rd St. and Dorchester St.,Chicago,,,0,ks,1995/08/02,
"MULTIPOINT (-87.595159296306505 41.758911808429616)",28,5093.00000000,51205093.00000000,75th St.,75th Street (Grand Crossing),Electric,5,1,9.30000000,B,1,N,0,0,,75th St. and South Chicago Ave.,Chicago,,,0,ks,1995/08/02,
"MULTIPOINT (-87.596986659697436 41.750826752534309)",29,5100.00000000,51205100.00000000,79th St.,79th Street (Chatham),Electric,5,1,10.00000000,B,1,N,1,0,,79th St. (near Greenwood St.),Chicago,,,0,ks,1995/08/02,
"MULTIPOINT (-87.598332642207808 41.744317074152008)",30,5104.00000000,51205104.00000000,83rd St.,83rd Street (Avalon Park),Electric,5,1,10.40000000,C,1,N,1,0,,83rd St. (near Ellis St.),Chicago,,,0,ks,1995/08/02,
"MULTIPOINT (-87.59995178192068 41.737414786443139)",31,5109.00000000,51205109.00000000,87th St.,87th Street (Woodruff),Electric,5,1,10.90000000,C,1,N,1,0,,87th St. and Dauphin St.,Chicago,,,0,ks,1995/08/02,
"MULTIPOINT (-87.601754236395479 41.7297521153586)",32,5114.00000000,51205114.00000000,91st St.,91st Street (Chesterfield),Electric,5,1,11.40000000,C,1,N,1,0,,91st St. and Dauphin St.,Chicago,,,0,ks,1995/08/02,
"MULTIPOINT (-87.603675319548984 41.721417416945023)",33,5120.00000000,51205120.00000000,95th St.,95th Street (Chicago State University),Electric,5,1,12.00000000,C,1,N,0,0,,95th St. and Cottage Grove Ave.,Chicago,,,0,ks,1995/08/02,
"MULTIPOINT (-87.607006700197758 41.706967066327458)",34,5130.00000000,51205130.00000000,103rd St.,103rd Street (Rosemoor),Electric,5,1,13.00000000,C,1,N,1,0,,103rd St. and Cottage Grove Ave.,Chicago,,,0,ks,1995/08/02,
"MULTIPOINT (-87.608658300825326 41.699839806350916)",35,5135.00000000,51205135.00000000,107th St.,107th Street,Electric,5,1,13.50000000,C,1,N,0,0,,107th St. and Cottage Grove Ave.,Chicago,,,0,ks,1995/08/02,
"MULTIPOINT (-87.61021463536899 41.693097080604019)",36,5140.00000000,51205140.00000000,111th St.,111th Street,Electric,5,1,14.00000000,C,1,N,0,0,,111th St. and Cottage Grove Ave.,Chicago,,,0,ks,1995/08/02,
"MULTIPOINT (-87.611833603286598 41.686030091477924)",37,5145.00000000,51205145.00000000,Kensington,Kensington (115th Street),"Electric, S. Shore",5,1,14.50000000,C,0,A,1,0,,115th St. and Cottage Grove Ave.,Chicago,,,0,ks,1995/08/02,
"MULTIPOINT (-87.623295027043909 41.646329077548991)",38,5173.00000000,51205173.00000000,Riverdale,Riverdale,Electric,5,1,17.30000000,D,1,N,1,0,,137th St. and Illinois St.,Riverdale,,,0,ks,1995/08/02,
"MULTIPOINT (-87.630069220400202 41.633744846698029)",39,5182.00000000,51205182.00000000,Ivanhoe,Ivanhoe,Electric,5,1,18.20000000,D,0,A,1,46,,144th St. and Tracy St.,Riverdale,,,0,ks,1995/08/02,
"MULTIPOINT (-87.635940389897783 41.623005976592424)",40,5190.00000000,51205190.00000000,147th St.,147th Street (Sibley Boulevard),Electric,5,1,19.00000000,D,1,N,1,0,,147th St. and Clinton St.,Harvey,,,0,ks,1995/08/02,
"MULTIPOINT (-87.64353497256235 41.608926589823113)",41,5200.00000000,51205200.00000000,Harvey,Harvey,Electric,5,1,20.00000000,D,0,A,1,0,,Park Ave. and 154th St.,Harvey,,,0,ks,1995/08/02,
"MULTIPOINT (-87.658505003960713 41.580838263977476)",42,5223.00000000,51205223.00000000,Hazel Crest,Hazel Crest,Electric,5,1,22.30000000,E,1,N,1,0,,Park Ave. and 170th St.,Hazel Crest,,,0,ks,1995/08/02,
"MULTIPOINT (-87.662830390707938 41.572739384564379)",43,5228.00000000,51205228.00000000,Calumet,Calumet,Electric,5,1,22.80000000,E,0,N,1,13,,Park Ave. and 174th St.,East Hazel Crest,,,0,ks,1995/08/02,
"MULTIPOINT (-87.66835512142211 41.562373266129661)",44,5235.00000000,51205235.00000000,Homewood,Homewood,Electric,5,1,23.50000000,E,0,A,1,96,,Ridge Rd. (at Harwood Ave.),Homewood,,,0,ks,1995/08/02,
"MULTIPOINT (-87.678520031849573 41.543301044405439)",45,5249.00000000,51205249.00000000,Flossmoor,Flossmoor,Electric,5,1,24.90000000,E,0,A,1,27,,Flossmoor Rd. and Sterling Rd.,Flossmoor,,,0,ks,1995/08/02,
"MULTIPOINT (-87.690411449976892 41.521043264014729)",46,5266.00000000,51205266.00000000,Olympia Fields,Olympia Fields,Electric,5,1,26.60000000,F,1,N,0,0,,203rd St. (2 blks. E. of Kedzie Ave.,Olympia Fields,,,0,ks,1995/08/02,
"MULTIPOINT (-87.698115732290375 41.506437704625448)",47,5276.00000000,51205276.00000000,211th St.,211th Street (Lincoln Highway),Electric,5,1,27.60000000,F,0,A,1,85,,211th St. (between Olympian Way and Olympian Cir.),,,,0,ks,1995/08/02,
"MULTIPOINT (-87.701911066402147 41.49867703108778)",48,5282.00000000,51205282.00000000,Matteson,Matteson,Electric,5,1,28.20000000,F,1,N,1,21,,215th St. and Main St.,Matteson,,,0,ks,1995/08/02,
"MULTIPOINT (-87.708984102824473 41.485592212262979)",49,5293.00000000,51205293.00000000,Richton Park,Richton Park,Electric,5,1,29.30000000,F,0,A,1,44,,Sauk Trail (E. of Governors Hwy.),Richton Park,,,0,ks,1995/08/02,
"MULTIPOINT (-87.723318686582473 41.458960579111476)",50,5315.00000000,51205315.00000000,University Park,University Park,Electric,5,1,31.50000000,G,0,A,1,0,,1900 University Pkwy.,University Park,,,0,ks,1995/08/02,
"MULTIPOINT (-87.632137437621097 41.875048242755966)",51,6000.00000000,51206000.00000000,LaSalle St.,LaSalle Street,Rock Is.,6,1,0.00000000,A,0,A,0,0,,414 S. LaSalle St.,Chicago,,,180,aef,2001/03/08,
"MULTIPOINT (-87.644613417986605 41.736642896205481)",52,6098.00000000,51206098.00000000,Gresham,Gresham,Rock Is.,6,1,9.80000000,B,1,N,1,0,,820 W. 87th St.,Chicago,,,0,ks,1995/08/02,
"MULTIPOINT (-87.650555114060211 41.720709430116742)",53,6109.00000000,51206109.00000000,Longwood,Longwood (95th Street),Rock Is.,6,1,10.90000000,C,2,M,1,0,,9501 S. Vincennes Ave.,Chicago,,,0,ks,1995/08/02,
"MULTIPOINT (-87.656107206017325 41.705582972009026)",54,6120.00000000,51206120.00000000,Washington Heights,Washington Heights,Rock Is.,6,1,12.00000000,C,0,A,1,0,,10335 S. Vicennes Ave.,Chicago,,,0,ks,1995/08/02,
"MULTIPOINT (-87.677846662631353 41.654858734240136,-87.677495217991066 41.654704472780679)",55,6157.00000000,51206157.00000000,Blue Island,Blue Island (Vermont Street),Rock Is.,6,1,15.70000000,D,0,A,1,0,,2300 W. Grove St.,Blue Island,,,180,ks,1995/08/02,
"MULTIPOINT (-87.694556389690632 41.640771815312903)",56,6172.00000000,51206172.00000000,Robbins,Robbins,Rock Is.,6,1,17.20000000,D,0,M,1,0,,13890 S. Kedzie Ave.,Robbins,,,0,ks,1995/08/02,
"MULTIPOINT (-87.71240661242544 41.625980705718582)",57,6184.00000000,51206184.00000000,Midlothian,Midlothian,Rock Is.,6,1,18.40000000,D,0,A,1,0,,3750 W. 147th St.,Midlothian,,,0,ks,1995/08/02,
"MULTIPOINT (-87.738188701616608 41.604636031350672)",58,6204.00000000,51206204.00000000,Oak Forest,Oak Forest,Rock Is.,6,1,20.40000000,E,0,A,1,40,,4850 W. 159th St.,Oak Forest,,,0,ks,1995/08/02,
"MULTIPOINT (-87.783576918898362 41.575611290845039)",59,6235.00000000,51206235.00000000,Tinley Park,Tinley Park,Rock Is.,6,1,23.50000000,E,0,A,1,25,,17381 S. Oak Park Ave.,Tinley Park,,,0,ks,1995/08/02,
"MULTIPOINT (-87.809540010437644 41.564380972995622)",60,6251.00000000,51206251.00000000,80th Ave.,80th Avenue (Tinley Park),Rock Is.,6,1,25.10000000,E,2,M,1,0,,18001 S. 80th Ave.,Tinley Park,,,0,ks,1995/08/02,
"MULTIPOINT (-87.847622730002385 41.547970517362053)",61,6275.00000000,51206275.00000000,Hickory Creek,Hickory Creek,Rock Is.,6,1,27.50000000,F,0,A,1,0,,9430 Hickory Creek Dr.,Mokena,,,0,ks,1995/08/02,
"MULTIPOINT (-87.88691670396824 41.530962146748273)",62,6296.00000000,51206296.00000000,Mokena,Mokena,Rock Is.,6,1,29.60000000,F,0,M,1,26,,11040 McGovney's St.,Mokena,,,0,ks,1995/08/02,
"MULTIPOINT (-87.965230156601208 41.514560896661671)",63,6340.00000000,51206340.00000000,New Lenox,New Lenox,Rock Is.,6,1,34.00000000,G,0,M,1,0,,300 N. Church St.,New Lenox,,,0,ks,1995/08/02,
"MULTIPOINT (-87.65755834696354 41.732240187929129)",64,7106.00000000,51207106.00000000,Brainerd,Brainerd,Rock Is.,7,1,10.60000000,C,0,M,1,0,,8901 S. Loomis Blvd.,Chicago,,,135,ks,1995/08/02,
"MULTIPOINT (-87.667210638360132 41.727978889295962)",65,7113.00000000,51207113.00000000,91st St.,91st Street (Beverly Hills),Rock Is.,7,1,11.30000000,C,2,M,1,0,,9105 S. Prospect Sq.,Chicago,,,180,ks,1995/08/02,
"MULTIPOINT (-87.667547697105974 41.721536331505057)",66,7117.00000000,51207117.00000000,95th St.,95th Street (Beverly Hills),Rock Is.,7,1,11.70000000,C,2,M,1,0,,1766 W. 95th St.,Chicago,,,180,ks,1995/08/02,
"MULTIPOINT (-87.667286978824961 41.713634548291694)",67,7123.00000000,51207123.00000000,99th St.,99th Street (Beverly Hills),Rock Is.,7,1,12.30000000,C,0,N,1,0,,9901 S. Walden Pkwy.,Chicago,,,180,ks,1995/08/02,
"MULTIPOINT (-87.668904813974308 41.706216286242849)",68,7128.00000000,51207128.00000000,103rd St.,103rd Street (Beverly Hills),Rock Is.,7,1,12.80000000,C,0,A,1,0,,10301 S. Walden Pkwy.,Chicago,,,180,ks,1995/08/02,
"MULTIPOINT (-87.66975459123951 41.698917904594957)",69,7133.00000000,51207133.00000000,107th St.,107th Street (Beverly Hills),Rock Is.,7,1,13.30000000,C,2,M,1,0,,1901 W. 107th St.,Chicago,,,180,ks,1995/08/02,
"MULTIPOINT (-87.67049482068964 41.692762412099874)",70,7138.00000000,51207138.00000000,111th St.,111th Street (Morgan Park),Rock Is.,7,1,13.80000000,C,0,M,1,0,,11046 S. Hale Ave.,Chicago,,,180,ks,1995/08/02,
"MULTIPOINT (-87.671456938167452 41.684993033833926)",71,7143.00000000,51207143.00000000,115th St.,115th Street (Morgan Park),Rock Is.,7,1,14.30000000,C,2,M,1,0,,11445 S. Hale Ave.,Chicago,,,180,ks,1995/08/02,
"MULTIPOINT (-87.672580061812056 41.676371593657763)",72,7148.00000000,51207148.00000000,119th St.,119th Street,Rock Is.,7,1,14.80000000,C,2,A,1,0,,2040 W. 119th St.,,,,180,ks,1995/08/02,
"MULTIPOINT (-87.673624039758579 41.670287755504575)",73,7152.00000000,51207152.00000000,123rd St.,123rd Street,Rock Is.,7,1,15.20000000,D,1,N,1,0,,2120 W. 123rd St.,Blue Island,,,180,ks,1995/08/02,
"MULTIPOINT (-87.675102862681726 41.662262597846286)",74,7158.00000000,51207158.00000000,Prairie St.,Prairie Street,Rock Is.,7,1,15.80000000,D,1,N,1,0,,2100 W. Prairie St.,Blue Island,,,180,ks,1995/08/02,
"MULTIPOINT (-87.638831403935953 41.87794941080184,-87.638850727600214 41.879196594569144)",75,8000.00000000,51208000.00000000,Union Station,Union Station,"Milw-N, Milw-W, NCS, BNSF, Heritage, SWS",8,1,0.00000000,A,0,A,0,0,,Canal St. (between Adams and Jackson Blvd.),Chicago,,,180,ks,1995/08/02,
"MULTIPOINT (-87.701460751897429 41.750079700924744)",76,8112.00000000,51208112.00000000,Wrightwood,Wrightwood,SWS,8,1,11.90000000,C,0,M,0,0,,79th St. and Kedzie Ave.,Chicago,,,180,ks,1995/08/02,
"MULTIPOINT (-87.712518603096399 41.741814919818751)",77,8126.00000000,51208126.00000000,Ashburn,Ashburn,SWS,8,1,12.60000000,C,0,A,1,0,,83rd St. and Central Park,Chicago,,,180,ks,1995/08/02,
"MULTIPOINT (-87.749149888162066 41.719397089365629)",78,8152.00000000,51208152.00000000,Oak Lawn,Oak Lawn,SWS,8,1,15.20000000,D,0,A,1,8,,9525 S. Tulley Ave.,Oak Lawn,,,180,ks,1995/08/02,
"MULTIPOINT (-87.77977882293483 41.703948784034353)",79,8168.00000000,51208168.00000000,Chicago Ridge,Chicago Ridge,SWS,8,1,16.80000000,D,0,A,1,0,,103rd St. and Ridgeland,Chicago Ridge,,,180,ks,1995/08/02,
"MULTIPOINT (-87.795688733515135 41.691653607268293)",80,8182.00000000,51208182.00000000,Worth,Worth,SWS,8,1,18.20000000,D,0,A,1,0,,110th St. and Depot Rd.,Worth,,,180,ks,1995/08/02,
"MULTIPOINT (-87.820906417629104 41.668478514571753)",81,8203.00000000,51208203.00000000,Palos Park,Palos Park,SWS,8,1,20.30000000,E,0,A,1,12,,123rd St. and 82nd Ave.,Palos Park,,,180,ks,1995/08/02,
"MULTIPOINT (-87.859574240068667 41.630653061345335)",82,8236.00000000,51208236.00000000,143rd St.,143rd Street (Orland Park),SWS,8,1,23.60000000,E,0,N,1,0,,143rd St. and Southwest Hwy.,Orland Park,,,180,ks,1995/08/02,
"MULTIPOINT (-87.873674656495467 41.609572244451726)",83,8248.00000000,51208248.00000000,153rd St.,153rd Street (Orland Park),SWS,8,1,25.20000000,E,0,A,1,0,,10401 W. 153rd St.,Orland Park,,,180,ks,1995/08/02,
"MULTIPOINT (-87.90282038381369 41.563663492788514)",84,8289.00000000,51208289.00000000,179th St.,179th Street (Orland Park),SWS,8,1,28.90000000,F,0,M,1,0,,179th St. and Southwest Hwy.,Orland Park,,,180,ks,1995/09/15,
"MULTIPOINT (-87.809920729985166 41.794968789220192)",85,9119.00000000,51209119.00000000,Summit,Summit,Heritage,9,1,11.90000000,C,0,A,1,0,,Center St. and Hanover Ave.,Summit,,,0,ks,1995/08/02,
"MULTIPOINT (-87.878483315933977 41.733257058526405)",86,9175.00000000,51209175.00000000,Willow Springs,Willow Springs,Heritage,9,1,17.50000000,D,0,A,1,0,,87th St. and Archer,Willow Springs,,,0,ks,1995/08/02,
"MULTIPOINT (-88.003662986078325 41.673685152566165)",87,9253.00000000,51209253.00000000,Lemont,Lemont,Heritage,9,1,25.30000000,E,0,A,1,0,,101 Main St.,Lemont,,,0,ks,1995/08/02,
"MULTIPOINT (-88.060310047578611 41.585384158334094)",88,9329.00000000,51209329.00000000,Lockport,Lockport,Heritage,9,1,32.90000000,G,0,A,1,0,,13th St. and State St.,Lockport,,,0,ks,1995/08/02,
"MULTIPOINT (-87.647247742237496 41.860255492725734)",89,10018.00000000,51210018.00000000,Halsted St.,Halsted Street,BNSF,10,1,1.80000000,A,1,N,0,0,,16th and Halsted St.,Chicago,,,150,aef,2001/02/13,
"MULTIPOINT (-87.684969455171256 41.857568912483906)",90,10038.00000000,51210038.00000000,Western Ave.,Western Avenue,BNSF,10,1,3.80000000,A,1,N,0,0,,18th and Western Ave.,Chicago,,,180,aef,2001/02/13,
"MULTIPOINT (-87.745172683009727 41.844161690895717)",91,10070.00000000,51210070.00000000,Cicero,Cicero,BNSF,10,1,7.00000000,B,1,M,1,0,,26th and Cicero,Cicero,,,315,aef,2001/02/13,
"MULTIPOINT (-87.783463107563747 41.835498999552058)",92,10091.00000000,51210091.00000000,LaVergne,LaVergne,BNSF,10,1,9.10000000,B,0,M,1,0,,Windsor and Ridgeland Ave.,Berwyn,,,150,aef,2001/02/13,
"MULTIPOINT (-87.793286211895037 41.833288385030514)",93,10096.00000000,51210096.00000000,Berwyn,Berwyn,BNSF,10,1,9.60000000,B,0,A,1,10,,6801 W. Windsor Ave.,Berwyn,,,150,aef,2001/02/13,
"MULTIPOINT (-87.801899713894556 41.831339975838191)",94,10101.00000000,51210101.00000000,Harlem Ave.,Harlem Avenue,BNSF,10,1,10.10000000,B,0,N,1,0,,7135 Windsor Ave.,Berwyn,,,150,aef,2001/02/13,
"MULTIPOINT (-87.820234929620696 41.827205854977052)",95,10111.00000000,51210111.00000000,Riverside,Riverside,BNSF,10,1,11.10000000,C,2,M,1,20,,90 Bloomingbank Road,Riverside,,,150,aef,2001/02/13,
"MULTIPOINT (-87.833728925653446 41.824241005653214)",96,10118.00000000,51210118.00000000,Zoo Stop,Hollywood (Zoo Stop),BNSF,10,1,11.80000000,C,0,M,1,0,,Golf Road and Hollywood Ave.,Brookfield,,,150,aef,2001/02/13,
"MULTIPOINT (-87.843107383169794 41.822154595404683)",97,10123.00000000,51210123.00000000,Brookfield,Brookfield,BNSF,10,1,12.30000000,C,2,M,1,20,,8858 Burlington Ave.,Brookfield,,,150,aef,2001/02/13,
"MULTIPOINT (-87.857576890429684 41.818910879639148)",98,10131.00000000,51210131.00000000,Congress Park,Congress Park,BNSF,10,1,13.10000000,C,1,N,1,0,,1/2 mi. W. of Maple St. (on Burlington Ave.),Brookfield,,,150,aef,2001/02/13,
"MULTIPOINT (-87.871112219054382 41.815879671024327)",99,10138.00000000,51210138.00000000,LaGrange Rd.,LaGrange Road,BNSF,10,1,13.80000000,C,0,A,1,112,,25 W. Burlington Ave.,La Grange,,,150,aef,2001/02/13,
"MULTIPOINT (-87.878572743043321 41.814210844702551)",100,10142.00000000,51210142.00000000,Stone Ave.,Stone Avenue (LaGrange),BNSF,10,1,14.20000000,C,1,N,1,76,,701 Burlington Ave.,La Grange,,,150,aef,2001/02/13,
"MULTIPOINT (-87.90140965650663 41.809078877208393)",101,10155.00000000,51210155.00000000,Western Springs,Western Springs,BNSF,10,1,15.50000000,D,0,A,1,26,,914 Burlington Ave.,Western Springs,,,150,aef,2001/02/13,
"MULTIPOINT (-87.918573215547184 41.805195974045283)",102,10164.00000000,51210164.00000000,Highlands,Highlands,BNSF,10,1,16.40000000,D,1,N,1,0,,1/4 mi. N. of County Line Rd. and 47th St.,Hinsdale,,,150,aef,2001/02/13,
"MULTIPOINT (-87.928236817051584 41.802986915066391)",103,10169.00000000,51210169.00000000,Hinsdale,Hinsdale,BNSF,10,1,16.90000000,D,0,A,1,78,,1 E. Hinsdale Ave.,Hinsdale,,,150,aef,2001/02/13,
"MULTIPOINT (-87.945673235980067 41.799034779970164)",104,10178.00000000,51210178.00000000,West Hinsdale,West Hinsdale,BNSF,10,1,17.80000000,D,2,M,1,0,,Hinsdale Ave. and Stough St.,Hinsdale,,,150,aef,2001/02/13,
"MULTIPOINT (-87.954405037171966 41.797064939394446)",105,10183.00000000,51210183.00000000,Clarendon Hills,Clarendon Hills,BNSF,10,1,18.30000000,D,2,M,1,74,,1 S. Prospect Ave.,Clarendon Hills,,,150,aef,2001/02/13,
"MULTIPOINT (-87.976784272907565 41.795612722231752)",106,10195.00000000,51210195.00000000,Westmont,Westmont,BNSF,10,1,19.50000000,D,0,A,1,60,,1 W. Quincy,Westmont,,,150,aef,2001/02/13,
"MULTIPOINT (-87.993969853295681 41.795586370218167)",107,10204.00000000,51210204.00000000,Fairview Ave.,Fairview Avenue (Downers Grove),BNSF,10,1,20.40000000,E,2,M,1,22,,Fairview Ave. and Burlington Ave.,Downers Grove,,,150,aef,2001/02/13,
"MULTIPOINT (-88.009833092788355 41.795541820912582)",108,10212.00000000,51210212.00000000,Main St.,Main Street (Downers Grove),BNSF,10,1,21.20000000,E,0,A,1,82,,5001 Main St.,Downers Grove,,,150,aef,2001/02/13,
"MULTIPOINT (-88.038082042292046 41.795487596353453)",109,10226.00000000,51210226.00000000,Belmont,Belmont,BNSF,10,1,22.60000000,E,0,A,1,24,,5000 Belmont Ave.,Downers Grove,,,150,aef,2001/02/13,
"MULTIPOINT (-88.072563984079082 41.797808225096055)",110,10245.00000000,51210245.00000000,Lisle,Lisle,BNSF,10,1,24.50000000,E,0,N,1,42,,1000 Front St.,Lisle,,,150,aef,2001/02/13,
"MULTIPOINT (-88.145193736374225 41.779809239510044)",111,10285.00000000,51210285.00000000,Naperville,Naperville,BNSF,10,1,28.50000000,F,0,A,1,78,,105 E. 4th Ave.,Naperville,,,150,aef,2001/02/13,
"MULTIPOINT (-88.208521804075389 41.778130101498171)",112,10316.00000000,51210316.00000000,Route 59,Route 59,BNSF,10,1,31.60000000,G,0,A,1,37,,1090 N. Route 59,Aurora,,,150,aef,2001/02/13,
"MULTIPOINT (-88.307676743087399 41.761210004293389)",113,10380.00000000,51210380.00000000,Aurora,Aurora,BNSF,10,1,37.50000000,H,0,A,1,15,,233 N. Broadway,Aurora,,,180,aef,2001/02/13,
"MULTIPOINT (-87.706579465325262 41.888256565246515)",114,11036.00000000,51211036.00000000,Kedzie,Kedzie,UP-W,11,1,3.60000000,A,1,N,0,0,,Kedzie Ave. and Carroll Ave.,Chicago,,,30,ks,1995/08/02,
"MULTIPOINT (-87.801454733421096 41.886967496582351)",115,11085.00000000,51211085.00000000,Oak Park,Oak Park (Marion Street),UP-W,11,1,8.50000000,B,0,N,1,45,,103 N. Marion St.,Oak Park,,,45,ks,1995/08/02,
"MULTIPOINT (-87.824906097638319 41.886806701561795)",116,11097.00000000,51211097.00000000,River Forest,River Forest,UP-W,11,1,9.70000000,B,1,N,1,0,,8001 W. Central St.,River Forest,,,45,ks,1995/08/02,
"MULTIPOINT (-87.838778085322005 41.888333285221499)",117,11105.00000000,51211105.00000000,Maywood,Maywood,UP-W,11,1,10.50000000,C,2,M,1,0,,450 W. St. Charles,Maywood,,,45,ks,1995/08/02,
"MULTIPOINT (-87.855871899278455 41.890271827971958)",118,11113.00000000,51211113.00000000,Melrose Park,Melrose Park,UP-W,11,1,11.30000000,C,2,M,1,0,,1801 W. Main St.,,,,45,ks,1995/08/02,
"MULTIPOINT (-87.88273968547324 41.891407840183113)",119,11126.00000000,51211126.00000000,Bellwood,Bellwood,UP-W,11,1,12.60000000,C,2,M,1,0,,105 Frederick Ave.,Bellwood,,,45,ks,1995/09/14,
"MULTIPOINT (-87.9160179591359 41.896265697491472)",120,11143.00000000,51211143.00000000,Berkeley,Berkeley,UP-W,11,1,14.30000000,C,0,A,1,0,,5900 W. Park Ave.,Berkeley,,,45,ks,1995/08/02,
"MULTIPOINT (-87.940936377237094 41.899702794840138)",121,11157.00000000,51211157.00000000,Elmhurst,Elmhurst,UP-W,11,1,15.70000000,D,0,A,1,64,,128 W. 1st St. (at York Rd.),Elmhurst,,,45,ks,1995/08/02,
"MULTIPOINT (-87.97782790290114 41.896304249591793)",122,11178.00000000,51211178.00000000,Villa Park,Villa Park,UP-W,11,1,17.80000000,D,0,A,1,11,,Ardmore Ave. and 1st St.,Villa Park,,,45,ks,1995/08/02,
"MULTIPOINT (-88.018550171244314 41.886493526394283)",123,11199.00000000,51211199.00000000,Lombard,Lombard,UP-W,11,1,19.90000000,D,0,A,1,30,,9 S. Main St.,Lombard,,,45,ks,1995/08/02,
"MULTIPOINT (-88.064607128595441 41.876459042909637)",124,11224.00000000,51211224.00000000,Glen Ellyn,Glen Ellyn,UP-W,11,1,22.40000000,E,0,A,1,40,,551 Crescent Blvd ( at Main St.),Glen Ellyn,,,45,ks,1995/08/02,
"MULTIPOINT (-88.088812414277044 41.869038104178003)",125,11238.00000000,51211238.00000000,College Ave.,College Avenue,UP-W,11,1,23.80000000,E,0,N,1,40,,1295 E. College Ave.,Wheaton,,,45,ks,1995/08/02,
"MULTIPOINT (-88.108726535890057 41.864452568119674)",126,11250.00000000,51211250.00000000,Wheaton,Wheaton,UP-W,11,1,25.00000000,E,0,M,1,110,,402 Front St. (at West St.),Wheaton,,,45,ks,1995/08/02,
"MULTIPOINT (-88.157486279176894 41.870014588754479)",127,11275.00000000,51211275.00000000,Winfield,Winfield,UP-W,11,1,27.50000000,F,0,A,1,0,,Jewell Rd. and Winfield Rd.,Winfield,,,45,ks,1995/08/02,
"MULTIPOINT (-88.198916449252309 41.881068694901444)",128,11300.00000000,51211300.00000000,West Chicago,West Chicago,UP-W,11,1,29.80000000,F,0,A,1,27,,508 W. Main St.,West Chicago,,,45,ks,1995/08/02,
"MULTIPOINT (-88.310208289397181 41.88150139915345)",129,11355.00000000,51211355.00000000,Geneva,Geneva,UP-W,11,1,35.50000000,H,0,A,1,25,,328 Crescent Place,Geneva,,,45,ks,1995/08/02,
"MULTIPOINT (-87.688314523008614 41.889105099651118)",130,12029.00000000,51212029.00000000,Western Ave.,Western Avenue,"Milw-N, Milw-W, NCS",12,1,2.90000000,A,0,A,1,0,,420 N. Artesian (near Grand Ave.),Chicago,,,30,ks,1995/08/02,
"MULTIPOINT (-87.767628050336569 41.916562142503281)",131,12077.00000000,51212077.00000000,Hanson Park,Hanson Park,Milw-W,12,1,7.70000000,B,0,N,1,0,,Parkside and Armitage Ave.,Chicago,,,30,ks,1995/08/02,
"MULTIPOINT (-87.784733871000697 41.916397721971755)",132,12086.00000000,51212086.00000000,Galewood,Galewood,Milw-W,12,1,8.60000000,B,0,N,1,0,,2031 N. Narragansett,Chicago,,,30,ks,1995/08/02,
"MULTIPOINT (-87.794533326978311 41.919252736229389)",133,12091.00000000,51212091.00000000,Mars,Mars,Milw-W,12,1,9.10000000,B,0,N,1,0,,6801 W. Shakespeare Ave.,Chicago,,,30,ks,1995/08/02,
"MULTIPOINT (-88.298024382503328 42.234145227084682)",134,0.00000000,0.00000000,Pingree Rd.,Pingree Rd.,UP-NW,13,1,0.00000000,I,0,,0,0,,570 Congress Pkwy,Crystal Lake,,,0,af,2011/04/28,
"MULTIPOINT (-87.807176962582616 41.681961590123066)",135,0.00000000,0.00000000,Palos Heights,Palos Heights,SWS,8,1,0.00000000,D,0,,0,0,,11451 Southwest Highway,Palos Heights,,,0,af,2011/04/28,
"MULTIPOINT (-87.629420115102533 41.831482694713955)",136,0.00000000,0.00000000,35th St,Lovana S. Jones/Bronzeville,Rock Is.,6,1,0.00000000,A,0,,0,0,,106 W 35th St,Chicago,,,0,af,2011/04/28,
"MULTIPOINT (-88.411799342555753 41.886701260733219)",137,0.00000000,0.00000000,La Fox,La Fox,UP-W,11,1,0.00000000,I,0,,0,0,,40 W 999 Deslinger Rd,Kane County,,,0,af,2011/04/28,
"MULTIPOINT (-88.464123371916386 41.890730577806664)",138,0.00000000,0.00000000,Elburn,Elburn,UP-W,11,1,0.00000000,I,0,,0,0,,43 W 166 Keslinger Rd,Elburn,,,0,af,2011/04/28,
"MULTIPOINT (-87.988709417887506 41.418936266163357)",139,0.00000000,0.00000000,Manhattan,Manhattan,SWS,8,1,0.00000000,I,0,,0,0,,15601 W Sweedler Rd,Manhattan,,,0,af,2011/04/28,
"MULTIPOINT (-87.801154825927895 41.921636274471226)",140,12095.00000000,51212095.00000000,Mont Clare,Mont Clare,Milw-W,12,1,9.50000000,B,0,A,1,0,,7007 W. Medill St.,Chicago,,,30,ks,1995/08/02,
"MULTIPOINT (-87.814783511908146 41.924944948299753)",141,12102.00000000,51212102.00000000,Elmwood Park,Elmwood Park,Milw-W,12,1,10.20000000,C,0,A,1,11,,7600 W. Grand Ave.,Elmwood Park,,,30,ks,1995/08/02,
"MULTIPOINT (-87.836324599241308 41.931003725723606)",142,12114.00000000,51212114.00000000,River Grove,River Grove,"Milw-W, NCS",12,1,11.40000000,C,0,A,1,0,,8421 Arnold Ave.,River Grove,,,30,ks,1995/09/14,
"MULTIPOINT (-87.866585806129081 41.93653197369489)",143,12132.00000000,51212132.00000000,Franklin Park,Franklin Park,Milw-W,12,1,13.20000000,C,0,A,1,11,,3148 Rose St.,Franklin Park,,,30,ks,1995/08/02,
"MULTIPOINT (-87.883340160871825 41.941506060573495)",144,12140.00000000,51212140.00000000,Mannheim,Mannheim,Milw-W,12,1,14.00000000,C,1,N,1,0,,Front St. and Lincoln St.,Franklin Park,,,30,ks,1995/08/02,
"MULTIPOINT (-87.941818518150541 41.957000782134941)",145,12172.00000000,51212172.00000000,Bensenville,Bensenville,Milw-W,12,1,17.20000000,D,0,A,1,21,,110 W. Main St.,Bensenville,,,30,ks,1995/08/02,
"MULTIPOINT (-87.974872087043494 41.962368342065616)",146,12191.00000000,51212191.00000000,Wood Dale,Wood Dale,Milw-W,12,1,19.10000000,D,0,A,1,5,,301 W. Wood Dale Ave.,Wood Dale,,,30,ks,1995/08/02,
"MULTIPOINT (-88.013916007183042 41.971631819586904)",147,12210.00000000,51212210.00000000,Itasca,Itasca,Milw-W,12,1,21.10000000,E,0,A,1,18,,Irving Park Rd. (Rt. 19) and Maple St.,Itasca,,,30,ks,1995/08/02,
"MULTIPOINT (-88.05092924073378 41.978315858331776)",148,12230.00000000,51212230.00000000,Medinah,Medinah,Milw-W,12,1,23.00000000,E,0,M,1,10,,"Medinah Rd., 1 block N. of Irving Park Rd.",,,,30,ks,1995/08/02,
"MULTIPOINT (-88.067067375223345 41.981577968858367)",149,12239.00000000,51212239.00000000,Roselle,Roselle,Milw-W,12,1,23.90000000,E,0,A,1,10,,540 Irving Park Rd.,Roselle,,,30,ks,1995/08/02,
"MULTIPOINT (-88.118352694575904 41.989234957089977)",150,12265.00000000,51212265.00000000,Schaumburg,Schaumburg,Milw-W,12,1,26.50000000,F,0,A,1,62,,2000 S. Springinsguth Rd.,Schaumburg,,,30,ks,1995/08/02,
"MULTIPOINT (-88.149281652592151 41.988127524250046)",151,12284.00000000,51212284.00000000,Hanover Park,Hanover Park,Milw-W,12,1,28.40000000,F,0,A,1,31,,Ontarioville Rd. and Route 20,Hanover Park,,,30,ks,1995/08/02,
"MULTIPOINT (-88.186282505331306 41.992575216668406)",152,12301.00000000,51212301.00000000,Bartlett,Bartlett,Milw-W,12,1,30.10000000,F,0,M,1,0,,Oak Ave. and Railroad Ave.,Bartlett,,,30,ks,1995/08/02,
"MULTIPOINT (-88.279968146718488 42.02913255702979)",153,12360.00000000,51212360.00000000,National St.,National Street,Milw-W,12,1,36.00000000,H,0,N,1,0,,85 National St.,Elgin,,,0,ks,1995/09/14,
"MULTIPOINT (-88.286167922366815 42.036256067456854)",154,12366.00000000,51212366.00000000,Elgin,Elgin,Milw-W,12,1,36.60000000,H,0,M,1,0,,109 W. Chicago St.,Elgin,,,0,ks,1995/08/02,
"MULTIPOINT (-88.328428871105999 42.058673904055063)",155,12398.00000000,51212398.00000000,Big Timber,Big Timber Road,Milw-W,12,1,39.80000000,H,0,M,1,0,,2025 Big Timber Rd.,Elgin,,,180,ks,1995/08/02,
"MULTIPOINT (-87.640768964082355 41.883049350887916)",156,13000.00000000,51213000.00000000,Ogilvie,Ogilvie Transportation Center,"UP-N, UP-NW, UP-W",13,1,0.00000000,A,0,A,0,0,,Madison St. and Canal St.,Chicago,,,180,ks,1995/08/02,
"MULTIPOINT (-87.668053673563236 41.917214785146683,-87.668429088701885 41.917103101630026)",157,13029.00000000,51213029.00000000,Clybourn,Clybourn,"UP-N, UP-NW",13,1,2.90000000,A,1,N,1,0,,2001 N. Ashland Ave.,Chicago,,,0,ks,1995/08/02,
"MULTIPOINT (-87.731163745711015 41.953169548802443)",158,13070.00000000,51213070.00000000,Irving Park,Irving Park,UP-NW,13,1,7.00000000,B,0,M,1,0,,4000 N. Kedvale Ave.,Chicago,,,180,ks,1995/08/02,
"MULTIPOINT (-87.763344400292993 41.971506047650749)",159,13091.00000000,51213091.00000000,Jefferson Park,Jefferson Park,UP-NW,13,1,9.10000000,B,0,N,1,0,,4963 N. Milwaukee Ave.,Chicago,,,180,ks,1995/08/02,
"MULTIPOINT (-87.7778877304969 41.979752268062413)",160,13101.00000000,51213101.00000000,Gladstone Park,Gladstone Park,UP-NW,13,1,10.10000000,B,1,N,1,0,,5500 N. Austin Blvd.,Chicago,,,180,ks,1995/08/02,
"MULTIPOINT (-87.799059053624191 41.991749992830911)",161,13114.00000000,51213114.00000000,Norwood Park,Norwood Park,UP-NW,13,1,11.40000000,C,0,N,1,0,,6088 N. Northwest Highway,Chicago,,,180,ks,1995/08/02,
"MULTIPOINT (-87.817707093339806 42.002230701944953)",162,13126.00000000,51213126.00000000,Edison Park,Edison Park,UP-NW,13,1,12.60000000,C,0,N,1,0,,6700 N. Olmstead Ave.,Chicago,,,180,ks,1995/08/02,
"MULTIPOINT (-87.831749497645617 42.01020893160247)",163,13135.00000000,51213135.00000000,Park Ridge,Park Ridge,UP-NW,13,1,13.50000000,C,0,A,1,32,,100 S. Summit Ave.,Park Ridge,,,180,ks,1995/08/02,
"MULTIPOINT (-87.854890016771378 42.023269896835465)",164,13150.00000000,51213150.00000000,Dee Road,Dee Road,UP-NW,13,1,15.00000000,C,0,N,1,0,,881 N. Dee Road,Park Ridge,,,180,ks,1995/08/02,
"MULTIPOINT (-87.88675703732963 42.040793054220963)",165,13171.00000000,51213171.00000000,Des Plaines,Des Plaines,UP-NW,13,1,17.10000000,D,2,M,1,38,,1501 Miner St. (at Lee St.),Des Plaines,,,180,ks,1995/08/02,
"MULTIPOINT (-87.912305014694624 42.052190276727508)",166,13186.00000000,51213186.00000000,Cumberland,Cumberland,UP-NW,13,1,18.60000000,D,1,N,1,26,,475 N. Northwest Highway,Des Plaines,,,180,ks,1995/08/02,
"MULTIPOINT (-87.93618000275697 42.062935585517678)",167,13200.00000000,51213200.00000000,Mount Prospect,Mount Prospect,UP-NW,13,1,20.00000000,D,0,A,1,360,,13 E. Northwest Hwy. (at Main St.),Mount Prospect,,,180,ks,1995/08/02,
"MULTIPOINT (-87.982182450645297 42.083375356963742)",168,13228.00000000,51213228.00000000,Arlington Heights,Arlington Heights,UP-NW,13,1,22.80000000,E,0,M,1,96,,19 E. Northwest Highway,Arlington Heights,,,180,ks,1995/08/02,
"MULTIPOINT (-88.009559833577953 42.095667515054792)",169,13244.00000000,51213244.00000000,Arlington Park,Arlington Park,UP-NW,13,1,24.40000000,E,0,M,1,28,,2121 W. Northwest Highway,Arlington Heights,,,180,ks,1995/08/02,
"MULTIPOINT (-88.049928843065899 42.113609258969717)",170,13268.00000000,51213268.00000000,Palatine,Palatine,UP-NW,13,1,26.80000000,F,0,M,1,102,,225 W. Colfax (at Smith St.),Palatine,,,180,ks,1995/08/02,
"MULTIPOINT (-88.132105830882921 42.15289697760165)",171,13319.00000000,51213319.00000000,Barrington,Barrington,UP-NW,13,1,31.90000000,G,0,M,1,36,,201 S. Spring Street,Barrington,,,0,ks,1995/08/02,
"MULTIPOINT (-88.218863406842004 42.197518887574603)",172,13373.00000000,51213373.00000000,Fox River Grove,Fox River Grove,UP-NW,13,1,37.30000000,H,2,M,1,0,,4015 N. Northwest Highway,Fox River Grove,,,180,ks,1995/08/02,
"MULTIPOINT (-88.24141193029449 42.209163634584542)",173,13386.00000000,51213386.00000000,Cary,Cary,UP-NW,13,1,38.60000000,H,0,A,1,30,,100 W. Main St. (at Northwest Hwy.),Cary,,,180,ks,1995/08/02,
"MULTIPOINT (-88.317060962467878 42.244150026977657)",174,13432.00000000,51213432.00000000,Crystal Lake,Crystal Lake,UP-NW,13,1,43.20000000,I,0,A,1,42,,Woodstock Ave. and Grant St.,Crystal Lake,,,180,ks,1995/08/02,
"MULTIPOINT (-88.27614721179215 42.343295852379434)",175,13506.00000000,51213506.00000000,McHenry,McHenry,UP-NW,14,1,50.60000000,K,2,M,1,0,,4005 Main Street,McHenry,,,180,ks,1995/08/02,
"MULTIPOINT (-88.447281399315344 42.316836558205004)",176,13516.00000000,51213516.00000000,Woodstock,Woodstock,UP-NW,13,1,51.60000000,K,0,A,1,20,,90 Church Street,Woodstock,,,180,ks,1995/08/02,
"MULTIPOINT (-88.617119652176243 42.419351140455035)",177,13631.00000000,51213631.00000000,Harvard,Harvard,UP-NW,13,1,63.10000000,M,0,A,1,0,,1. N. Ayers Street,Harvard,,,180,ks,1995/08/02,
"MULTIPOINT (-87.727912243016647 41.924855469644342)",178,15064.00000000,51215064.00000000,Healy,Healy,Milw-N,15,1,6.40000000,B,0,A,1,0,,4014 W. Fullerton Ave.,Chicago,,,180,ks,1995/08/02,
"MULTIPOINT (-87.740122729293574 41.948520862123374)",179,15082.00000000,51215082.00000000,Grayland,Grayland,Milw-N,15,1,8.20000000,B,1,N,1,0,,3805 N. Kilbourn St.,Chicago,,,180,ks,1995/08/02,
"MULTIPOINT (-87.746171679962217 41.960138058006216)",180,15090.00000000,51215090.00000000,Mayfair,Mayfair,Milw-N,15,1,9.00000000,B,1,N,0,0,,4357 N. Cicero,Chicago,,,180,ks,1995/08/02,
"MULTIPOINT (-87.756163254758448 41.979537199297184)",181,15102.00000000,51215102.00000000,Forest Glen,Forest Glen,Milw-N,15,1,10.20000000,C,1,N,1,0,,5301 N. LeClaire,Chicago,,,0,ks,1995/08/02,
"MULTIPOINT (-87.765620512816994 41.997627989544263)",182,15116.00000000,51215116.00000000,Edgebrook,Edgebrook,Milw-N,15,1,11.60000000,C,2,M,1,0,,6402 N. Central,Chicago,,,0,ks,1995/08/02,
"MULTIPOINT (-87.784965688323311 42.035050221736441)",183,15143.00000000,51215143.00000000,Morton Grove,Morton Grove,Milw-N,15,1,14.30000000,C,0,A,1,0,,8501 Lehigh Rd.,Morton Grove,,,0,ks,1995/08/02,
"MULTIPOINT (-87.797153713858634 42.058326392212898)",184,15162.00000000,51215162.00000000,Golf,Golf,Milw-N,15,1,16.20000000,D,0,A,1,20,,195 N. Waukegan,Golf,,,0,ks,1995/08/02,
"MULTIPOINT (-87.805570463986271 42.074618184724422)",185,15174.00000000,51215174.00000000,Glenview,Glenview,Milw-N,15,1,17.40000000,D,0,A,1,56,,1021 Depot Ave.,Glenview,,,0,ks,1995/08/02,
"MULTIPOINT (-87.81627183094615 42.098839584969845)",186,15188.00000000,51215188.00000000,North Glenview,North Glenview,Milw-N,15,1,18.80000000,D,0,A,1,0,,3000 Old Willow Rd.,Glenview,,,0,aef,2001/04/17,
"MULTIPOINT (-87.828137486672659 42.127629568980055)",187,15211.00000000,51215211.00000000,Northbrook,Northbrook,Milw-N,15,1,21.10000000,E,2,M,1,47,,1340 Shermer Ave.,Northbrook,,,0,ks,1995/08/02,
"MULTIPOINT (-87.840990790495155 42.151648509942483)",188,15230.00000000,51215230.00000000,Lake Cook,Lake Cook Road,Milw-N,15,1,23.00000000,E,0,M,1,0,,601 Lake Cook Road,Deerfield,,,0,ks,1999/02/16,
"MULTIPOINT (-87.849896209415363 42.168127729887068)",189,15242.00000000,51215242.00000000,Deerfield,Deerfield,Milw-N,15,1,24.20000000,E,0,A,1,129,,"860 Deerfield Rd., 2 blks. W. of Rt. 43",Deerfield,,,180,ks,1995/08/02,
"MULTIPOINT (-87.874624052796534 42.223528643600481)",190,15280.00000000,51215280.00000000,Lake Forest,Lake Forest,Milw-N,15,1,28.40000000,F,0,A,1,0,,10205 N. Waukegan,Lake Forest,,,180,ks,1995/09/14,
"MULTIPOINT (-87.956445113603849 42.291083244247361)",191,15355.00000000,51215355.00000000,Libertyville,Libertyville,Milw-N,15,1,35.50000000,H,0,A,1,19,,200 W. Lake St. at Milwaukee Ave.,Libertyville,,,0,ks,1995/08/02,
"MULTIPOINT (-88.043324479320987 42.333541479014329)",192,15410.00000000,51215410.00000000,Grayslake,Grayslake,Milw-N,15,1,41.00000000,I,0,M,1,14,,Lake St. and St. Paul St.,Grayslake,,,180,ks,1995/08/02,
"MULTIPOINT (-88.093928906733723 42.354563938897108)",193,15440.00000000,51215440.00000000,Round Lake,Round Lake,Milw-N,15,1,44.00000000,I,0,M,1,10,,Route 134 and Cedar Lake Rd.,Round Lake,,,180,ks,1995/08/02,
"MULTIPOINT (-88.128050517056536 42.367896574220509)",194,15460.00000000,51215460.00000000,Long Lake,Long Lake,Milw-N,15,1,46.00000000,J,2,M,1,0,,Decorah Ave. and Route 134,,,,180,ks,1995/08/02,
"MULTIPOINT (-88.154980557329552 42.384144144735018)",195,15478.00000000,51215478.00000000,Ingleside,Ingleside,Milw-N,15,1,47.80000000,J,0,M,1,0,,Washington St. and Rollins Rd.,Fox Lake,,,180,ks,1995/08/02,
"MULTIPOINT (-88.182071739314793 42.398302194079214)",196,15495.00000000,51215495.00000000,Fox Lake,Fox Lake,Milw-N,15,1,49.50000000,J,0,A,1,20,,Nippersink Blvd. At Grand Ave.,Fox Lake,,,180,ks,1995/08/02,
"MULTIPOINT (-87.880317001389074 41.995211974670703)",197,16171.00000000,51216171.00000000,O'Hare,O'Hare Transfer,NCS,16,1,17.10000000,D,0,A,0,0,,,Rosemont,,,180,ks,1999/02/16,
"MULTIPOINT (-87.90806385144316 42.092910873762293)",198,16240.00000000,51216240.00000000,Prospect Heights,Prospect Heights,NCS,16,1,24.00000000,E,0,A,1,0,,55 South Wolf Road,Prospect Heights,,,180,ks,1999/02/16,
"MULTIPOINT (-87.927158534265644 42.136446884122719)",199,16272.00000000,51216272.00000000,Wheeling,Wheeling,NCS,16,1,27.20000000,F,0,A,1,0,,400 Town Street,Wheeling,,,180,ks,1999/02/16,
"MULTIPOINT (-87.941128192594164 42.168477125370067)",200,16295.00000000,51216295.00000000,Buffalo Grove,Buffalo Grove,NCS,16,1,29.50000000,F,0,A,1,0,,825 Commerce Ct.,Buffalo Grove,,,180,ks,1999/02/16,
"MULTIPOINT (-87.955578679161533 42.19797558869093)",201,16316.00000000,51216316.00000000,Prairie View,Prairie View,NCS,16,1,31.60000000,G,0,A,1,0,,16480 W. Hwy 22,Prairie View,,,180,ks,1999/02/16,
"MULTIPOINT (-87.964823285370272 42.215571377907594)",202,16330.00000000,51216330.00000000,Vernon Hills,Vernon Hills,NCS,16,1,33.00000000,G,0,A,1,0,,75 East Route 45,Vernon Hills,,,180,ks,1999/02/16,
"MULTIPOINT (-87.997695910083081 42.266707369166653)",203,16369.00000000,51216369.00000000,Mundelein,Mundelein,NCS,16,1,36.90000000,H,0,A,1,0,,205 North Archer Ave.,Mundelein,,,180,ks,1999/02/16,
"MULTIPOINT (-88.017732937333477 42.318546716893017)",204,16407.00000000,51216407.00000000,Prairie Crossing,Prairie Crossing (Libertyville),NCS,16,1,40.70000000,H,0,A,1,0,,2401 West Harris Road,,,,180,ks,1999/02/16,
"MULTIPOINT (-88.065167108746422 42.384752583621122)",205,16459.00000000,51216459.00000000,Round Lake Beach,Round Lake Beach,NCS,16,1,45.90000000,J,0,A,1,0,,680 East Mallard Creek Dr.,Round Lake Beach,,,0,ks,1999/02/16,
"MULTIPOINT (-88.07929200010939 42.417586658791272)",206,16482.00000000,51216482.00000000,Lake Villa,Lake Villa,NCS,16,1,48.20000000,J,0,A,1,0,,129 Railroad Ave.,Lake Villa,,,0,ks,1999/02/16,
"MULTIPOINT (-88.092172550765639 42.480720799259984)",207,16528.00000000,51216528.00000000,Antioch,Antioch,NCS,16,1,52.80000000,K,0,A,1,0,,305 Depot Street,Antioch,,,0,ks,1999/02/16,
"MULTIPOINT (-87.674444237437484 41.968153439585926)",208,17065.00000000,51217065.00000000,Ravenswood,Ravenswood,UP-N,17,1,6.50000000,B,1,N,1,0,,4800 N. Ravenswood Ave.,Chicago,,,0,ks,1995/08/02,
"MULTIPOINT (-87.675526255496379 42.009649118256682)",209,17094.00000000,51217094.00000000,Rogers Park,Rogers Park,UP-N,17,1,9.40000000,B,0,A,1,0,,7000 N. Ravenswood Ave.,Chicago,,,180,ks,1995/08/02,
"MULTIPOINT (-87.680047817305024 42.033323069302448)",210,17110.00000000,51217110.00000000,Main St.,Main Street (Evanston),UP-N,17,1,11.00000000,C,0,N,1,0,,600 Main St.,Evanston,,,180,ks,1995/08/02,
"MULTIPOINT (-87.684821581104288 42.04806438247703)",211,17120.00000000,51217120.00000000,Davis St.,Davis Street (Evanston),UP-N,17,1,12.00000000,C,0,N,0,0,,901 Davis St.,Evanston,,,180,ks,1995/08/02,
"MULTIPOINT (-87.698101013222399 42.063987430068337)",212,17133.00000000,51217133.00000000,Central St.,Central Street (Evanston),UP-N,17,1,13.30000000,C,0,A,1,21,,1601 Central Ave.,Evanston,,,180,ks,1995/08/02,
"MULTIPOINT (-87.709276567969226 42.077338286382755)",213,17144.00000000,51217144.00000000,Wilmette,Wilmette,UP-N,17,1,14.40000000,C,0,A,1,80,,722 Green Bay Rd.,Wilmette,,,0,ks,1995/08/02,
"MULTIPOINT (-87.716737717467709 42.086222033021102)",214,17152.00000000,51217152.00000000,Kenilworth,Kenilworth,UP-N,17,1,15.20000000,D,0,A,1,55,,400 Richmond Rd.,Kenilworth,,,0,ks,1995/08/02,
"MULTIPOINT (-87.723728906846802 42.094622150525993)",215,17158.00000000,51217158.00000000,Indian Hill,Indian Hill,UP-N,17,1,15.80000000,D,1,N,1,87,,111 N. Green Bay Rd.,Winnetka,,,0,ks,1995/08/02,
"MULTIPOINT (-87.732590088411925 42.105289188618848)",216,17166.00000000,51217166.00000000,Winnetka,Winnetka,UP-N,17,1,16.60000000,D,0,A,1,87,,754 Elm St.,Winnetka,,,0,ks,1995/08/02,
"MULTIPOINT (-87.743441299406527 42.118184079700193)",217,17177.00000000,51217177.00000000,Hubbard Woods,Hubbard Woods,UP-N,17,1,17.70000000,D,1,N,1,79,,1065 Gage St.,Winnetka,,,0,ks,1995/08/02,
"MULTIPOINT (-87.758154049498899 42.135525189729108)",218,17192.00000000,51217192.00000000,Glencoe,Glencoe,UP-N,17,1,19.20000000,D,0,A,1,66,,724 Green Bay Rd.,Glencoe,,,0,ks,1995/08/02,
"MULTIPOINT (-87.7728285453545 42.15298640633975)",219,17205.00000000,51217205.00000000,Braeside,Braeside,UP-N,17,1,20.50000000,E,2,M,1,0,,10 N. St. John's Ave.,,,,0,ks,1995/08/02,
"MULTIPOINT (-87.776694477672493 42.157609834837423)",220,17212.00000000,51217212.00000000,Ravinia Park,Ravinia Park,UP-N,17,2,21.20000000,E,0,,0,19,,,Highland Park,,,0,ks,1995/09/14,
"MULTIPOINT (-87.783227547779532 42.165380005566021)",221,17215.00000000,51217215.00000000,Ravinia,Ravinia,UP-N,17,1,21.50000000,E,0,A,1,43,,510 Roger Williams Ave.,Highland Park,,,0,ks,1995/08/02,
"MULTIPOINT (-87.797713435573982 42.183512905552533)",222,17230.00000000,51217230.00000000,Highland Park,Highland Park,UP-N,17,1,23.00000000,E,0,A,1,578,,1800 St. John's Ave.,Highland Park,,,0,ks,1995/08/02,
"MULTIPOINT (-87.809997510470069 42.202419649579717)",223,17245.00000000,51217245.00000000,Highwood,Highwood,UP-N,17,1,24.50000000,E,0,A,1,0,,317 Green Bay Rd.,Highwood,,,0,ks,1995/08/02,
"MULTIPOINT (-87.821147726109146 42.217419897626137)",224,17257.00000000,51217257.00000000,Fort Sheridan,Fort Sheridan,UP-N,17,1,25.70000000,F,0,A,1,314,,461 W. Old Elm Rd.,,,,0,ks,1995/08/02,
"MULTIPOINT (-87.839714893356529 42.252358678125482)",225,17283.00000000,51217283.00000000,Lake Forest,Lake Forest,UP-N,17,1,28.30000000,F,0,A,1,62,,691 N. Western Ave.,Lake Forest,,,0,ks,1995/08/02,
"MULTIPOINT (-87.846763134826759 42.279588741139989)",226,17302.00000000,51217302.00000000,Lake Bluff,Lake Bluff,UP-N,17,1,30.20000000,G,0,A,1,0,,600 N. Sheridan Rd.,Lake Bluff,,,0,ks,1995/08/02,
"MULTIPOINT (-87.846634651153224 42.308342956959187)",227,17322.00000000,51217322.00000000,Great Lakes,Great Lakes,UP-N,17,1,32.20000000,G,0,N,0,0,,2840 S. Sheridan Rd.,North Chicago,,,0,ks,1995/09/14,
"MULTIPOINT (-87.83704321591506 42.328923816716014)",228,17332.00000000,51217332.00000000,North Chicago,North Chicago,UP-N,17,1,33.70000000,G,0,A,1,0,,1633 Lakeside,North Chicago,,,0,ks,1995/08/02,
"MULTIPOINT (-87.82795249793709 42.360636054241873)",229,17359.00000000,51217359.00000000,Waukegan,Waukegan,UP-N,17,1,35.90000000,H,0,A,1,0,,95 N. Spring St.,Waukegan,,,0,ks,1995/08/02,
"MULTIPOINT (-87.818128588153527 42.449513167544715)",230,17421.00000000,51217421.00000000,Zion,Zion,UP-N,17,1,42.10000000,I,0,A,1,0,,2501 S. Eden Rd.,Zion,,,0,ks,1995/08/02,
"MULTIPOINT (-87.81625575267401 42.482618853507624)",231,17445.00000000,51217445.00000000,Winthrop Harbor,Winthrop Harbor,UP-N,17,1,44.50000000,I,0,A,1,0,,701 N. Main St.,Winthrop Harbor,,,0,ks,1995/08/02,
"MULTIPOINT (-87.820906653128006 42.587318679102601)",232,17516.00000000,51217516.00000000,Kenosha,Kenosha,UP-N,17,1,51.50000000,K,0,N,1,0,,5414 13th Ave.,Winthrop Harbor,,,0,aef,2001/01/08,
"MULTIPOINT (-87.522372822239959 41.632058589737177)",233,0.00000000,0.00000000,Hammond,Hammond,S. Shore,3,1,0.00000000,,0,,0,0,,4531 Hohman Ave,Hammond,,,0,af,2005/09/22,
"MULTIPOINT (-87.481454290999167 41.612880074712322)",234,0.00000000,0.00000000,East Chicago,East Chicago,S. Shore,3,1,0.00000000,,0,,0,0,,5615 Indianapolis Blvd,East Chicago,,,0,af,2005/09/22,
"MULTIPOINT (-87.338813560230008 41.605238437733796)",235,0.00000000,0.00000000,Gary Metro,Gary Metro,S. Shore,3,1,0.00000000,,0,,0,0,,200 West 4th Ave,Gary,,,0,af,2005/09/22,
"MULTIPOINT (-87.263497015316347 41.59798299846188)",236,0.00000000,0.00000000,Miller,Miller,S. Shore,3,1,0.00000000,,0,,0,0,,Lake Street and U.S. Highway 12,Gary,,,0,af,2005/09/22,
"MULTIPOINT (-87.191490554913614 41.616492245693728)",237,0.00000000,0.00000000,Ogden Dunes,Ogden Dunes,S. Shore,3,1,0.00000000,,0,,0,0,,Hillcrest Road and U.S. Highway 12,Portage,,,0,af,2005/09/22,
"MULTIPOINT (-87.057833658488022 41.645899705640304)",238,0.00000000,0.00000000,Dune Park,Dune Park,S. Shore,3,1,0.00000000,,0,,0,0,,33 East U.S. Highway 12,Chesterton,,,0,af,2005/09/22,
"MULTIPOINT (-87.394800011145549 41.605216821182957)",239,0.00000000,0.00000000,Gary Airport,Gary/Chicago Airport,S. Shore,3,1,0.00000000,,0,,0,0,,Clark Rd and U.S. Highway 12,Gary,,,0,af,2005/09/22,
"MULTIPOINT (-88.050457049825823 42.359630518829384)",240,0.00000000,0.00000000,Washington St,Washington St,NCS,16,1,0.00000000,I,0,,0,0,,330 W Washington St,Grayslake,,,0,af,2011/04/28,
"MULTIPOINT (-88.015116701618396 42.320901539838843)",241,0.00000000,0.00000000,Prairie Crossing,Prairie Crossing/Libertyville,Milw-N,15,1,0.00000000,H,0,,0,0,,3001 Harris Rd,Libertyville,,,0,af,2011/04/28,
"MULTIPOINT (-87.873445057608222 41.975720715078083)",242,0.00000000,0.00000000,Rosemont,Rosemont,NCS,16,1,0.00000000,D,0,,0,0,,10005 Balmoral Ave,Rosemont,,,0,af,2011/04/28,
"MULTIPOINT (-87.868996495950014 41.963064749065936)",243,0.00000000,0.00000000,Schiller Park,Schiller Park,NCS,16,1,0.00000000,C,0,,0,0,,4555 Ruby St,Schiller Park,,,0,af,2011/04/28,
"MULTIPOINT (-87.860289366419011 41.938561249974725)",244,0.00000000,0.00000000,Belmont Ave,Belmont Ave,NCS,16,1,0.00000000,C,0,,0,0,,9280 Belmont Ave,Franklin Park,,,0,af,2011/04/28,
"MULTIPOINT (-87.746534048183264 41.914435168775107)",245,0.00000000,0.00000000,Grand-Cicero,Grand-Cicero,Milw-W,12,1,0.00000000,B,0,,0,0,,1833 N Cicero Ave,Chicago,,,0,af,2011/04/28,
"MULTIPOINT (-87.959904862633806 41.483164555647846)",246,0.00000000,0.00000000,Laraway Road,New Lenox Laraway Road,SWS,8,1,0.00000000,H,0,,0,0,,1861 Village Station Blvd,New Lenox,,,0,af,2011/04/28,
"MULTIPOINT (-88.079300806610107 41.524179730928203)",247,0.00000000,0.00000000,Joliet,Joliet,"Rock Is., Heritage",6,1,0.00000000,H,2,,0,0,,50 E Jefferson St,Joliet,,,0,af,2011/04/28,
